instance;ltime;;maxscore;minscore;avgscore;;maxcpu;mincpu;avgcpu;;nshift;nswap;nldr;nsdr
Set6_A-n51-6.dat;0.203125;;676.485;670.908;673.258;;27.2812;13.8594;18.75;;0;0;0;0
Set6_A-n76-4.dat;0.15625;;997.27;992.587;993.86;;123.391;69.5;88.9531;;0;0;0;0
Set6_A-n76-5.dat;0.140625;;1001.61;980.84;991.508;;116.359;76.7812;94.8828;;0;0;0;0
Set6_A-n76-6.dat;0.15625;;984.709;979.129;980.615;;129.641;87.3438;99.9766;;0;0;0;0
